PEAK,TROUGH,WEEKS
4/1/1960,2/1/1961,504.4285714
12/1/1969,11/1/1970,204.4285714
11/1/1973,3/1/1975,321.7142857
1/1/1980,7/1/1980,78.14285714
7/1/1981,11/1/1982,469.5714286
7/1/1990,3/1/1991,556.5714286
3/1/2001,11/1/2001,352.2857143
12/1/2007,6/1/2009,Inf